{
  "market": "perp",
  "quality": {
    "dimension_count": 6,
    "dimensions": {
      "funding": {
        "confidence": {
          "count": 315360,
          "max": 1.0,
          "mean": 0.9752769099435953,
          "median": 0.9777686619023241,
          "min": 0.4983741229937977,
          "p10": 0.9744238513988718,
          "p90": 0.9859009244922247
        },
        "entropy": {
          "count": 315360,
          "max": 0.6492693278822347,
          "mean": 0.10950209139227682,
          "median": 0.11102340254499221,
          "min": -0.0,
          "p10": 0.07629261720246346,
          "p90": 0.12446509380193337
        },
        "occupancy": {
          "0": 0.9324930238457636,
          "1": 0.05062785388127854,
          "2": 0.01687912227295789
        },
        "state_column": "ms_funding_state",
        "transition_count": 233,
        "transition_rate": 0.0007388404960695589,
        "valid_rows": 315360
      },
      "liq": {
        "confidence": {
          "count": 315360,
          "max": 0.9993936262021734,
          "mean": 0.8917713962171147,
          "median": 0.9605207433756685,
          "min": 0.5043032724955187,
          "p10": 0.6534872688899728,
          "p90": 0.99830538006982
        },
        "entropy": {
          "count": 315360,
          "max": 0.6311561343391024,
          "mean": 0.23383692506977696,
          "median": 0.15637428157113176,
          "min": 0.004640596011593912,
          "p10": 0.011382872770484654,
          "p90": 0.5874408594317603
        },
        "occupancy": {
          "0": 0.31423452562151194,
          "1": 0.3817097919837646,
          "2": 0.30405568239472347
        },
        "state_column": "ms_liq_state",
        "transition_count": 132841,
        "transition_rate": 0.4212373834265076,
        "valid_rows": 315360
      },
      "oi": {
        "confidence": {
          "count": 315360,
          "max": 0.9995382371492458,
          "mean": 0.7806187039039602,
          "median": 0.8170281859478565,
          "min": 0.49851393982090897,
          "p10": 0.5920061245251917,
          "p90": 0.8660906146637122
        },
        "entropy": {
          "count": 315360,
          "max": 0.6485833316349429,
          "mean": 0.48828566551675984,
          "median": 0.4948786437988492,
          "min": 0.003648443175872925,
          "p10": 0.374292905227379,
          "p90": 0.6359713991050282
        },
        "occupancy": {
          "0": 0.12332889396245561,
          "1": 0.7601756722475901,
          "2": 0.11649543378995433
        },
        "state_column": "ms_oi_state",
        "transition_count": 30571,
        "transition_rate": 0.09694031246928105,
        "valid_rows": 315360
      },
      "spread": {
        "confidence": {
          "count": 315357,
          "max": 1.0,
          "mean": 0.8708910150194723,
          "median": 0.9292448744712767,
          "min": 0.5000024862290865,
          "p10": 0.6348635547025042,
          "p90": 0.9958765289966416
        },
        "entropy": {
          "count": 315357,
          "max": 0.9999999999821645,
          "mean": 0.4374275112699469,
          "median": 0.36873533385779217,
          "min": -0.0,
          "p10": 0.038602457313194734,
          "p90": 0.9468643924398527
        },
        "occupancy": {
          "0": 0.6708175179241305,
          "1": 0.3291824820758696
        },
        "state_column": "ms_spread_state",
        "transition_count": 87530,
        "transition_rate": 0.27755932977333553,
        "valid_rows": 315357
      },
      "trend": {
        "confidence": {
          "count": 315359,
          "max": 1.0,
          "mean": 0.6363804422923824,
          "median": 0.620479722317963,
          "min": 0.44981735971953674,
          "p10": 0.48718305520242555,
          "p90": 0.8427850185218921
        },
        "entropy": {
          "count": 315359,
          "max": 0.8725744258613541,
          "mean": 0.7450376383580803,
          "median": 0.8148910640774665,
          "min": -0.0,
          "p10": 0.4639561556846484,
          "p90": 0.8700060242743516
        },
        "occupancy": {
          "0": 0.5600125571174439,
          "1": 0.2210623448197134,
          "2": 0.21892509806284266
        },
        "state_column": "ms_trend_state",
        "transition_count": 25869,
        "transition_rate": 0.08203058111733331,
        "valid_rows": 315359
      },
      "vol": {
        "confidence": {
          "count": 315343,
          "max": 0.9999991141838747,
          "mean": 0.8772253282456893,
          "median": 0.9319315303594097,
          "min": 0.49865470062202255,
          "p10": 0.6379294881891919,
          "p90": 0.9999728615894998
        },
        "entropy": {
          "count": 315343,
          "max": 0.5124065799322569,
          "mean": 0.20494232682188002,
          "median": 0.19997279077390628,
          "min": 9.54430725157941e-06,
          "p10": 0.00022541136241253766,
          "p90": 0.475743658810679
        },
        "occupancy": {
          "0": 0.34763416343473613,
          "1": 0.2987540551082472,
          "2": 0.2389715325851533,
          "3": 0.11464024887186333
        },
        "state_column": "ms_vol_state",
        "transition_count": 5478,
        "transition_rate": 0.017371615579275832,
        "valid_rows": 315343
      }
    }
  },
  "run_id": "codex_band_break_highvol_btc_h24_shadow_01",
  "schema_version": "context_quality_report_v1",
  "symbol": "BTCUSDT",
  "timeframe": "5m"
}
