{
  "market": "perp",
  "quality": {
    "dimension_count": 6,
    "dimensions": {
      "funding": {
        "confidence": {
          "count": 104832,
          "max": 1.0,
          "mean": 0.9801627313223723,
          "median": 0.9812115200350937,
          "min": 0.49861380885391404,
          "p10": 0.9744238513988718,
          "p90": 0.986018087662957
        },
        "entropy": {
          "count": 104832,
          "max": 0.6492546308601707,
          "mean": 0.09947148917221509,
          "median": 0.09676497890148308,
          "min": -0.0,
          "p10": 0.0758011934349981,
          "p90": 0.12446509380193337
        },
        "occupancy": {
          "0": 0.9964419261294262,
          "2": 0.0035580738705738705
        },
        "state_column": "ms_funding_state",
        "transition_count": 8,
        "transition_rate": 7.631330427068329e-05,
        "valid_rows": 104832
      },
      "liq": {
        "confidence": {
          "count": 104832,
          "max": 0.9993936262021734,
          "mean": 0.8921669267677649,
          "median": 0.9605207433756685,
          "min": 0.5048477578237471,
          "p10": 0.657323278541877,
          "p90": 0.99844439608686
        },
        "entropy": {
          "count": 104832,
          "max": 0.6311343523139238,
          "mean": 0.23294861860717497,
          "median": 0.15637428157113176,
          "min": 0.004640596011593912,
          "p10": 0.010570391063663557,
          "p90": 0.5856616978365777
        },
        "occupancy": {
          "0": 0.3164873321123321,
          "1": 0.3758298992673993,
          "2": 0.3076827686202686
        },
        "state_column": "ms_liq_state",
        "transition_count": 43314,
        "transition_rate": 0.413179307647547,
        "valid_rows": 104832
      },
      "oi": {
        "confidence": {
          "count": 104832,
          "max": 0.9995382371492458,
          "mean": 0.7795875683516584,
          "median": 0.8159126190940684,
          "min": 0.49851179199552476,
          "p10": 0.589935773933568,
          "p90": 0.8719755169631346
        },
        "entropy": {
          "count": 104832,
          "max": 0.6485833316371264,
          "mean": 0.4876108669845017,
          "median": 0.49552231819408854,
          "min": 0.003648443175872925,
          "p10": 0.34909088272791783,
          "p90": 0.6363629258203078
        },
        "occupancy": {
          "0": 0.12607791514041514,
          "1": 0.7444959554334555,
          "2": 0.12942612942612944
        },
        "state_column": "ms_oi_state",
        "transition_count": 9733,
        "transition_rate": 0.09284467380832005,
        "valid_rows": 104832
      },
      "spread": {
        "confidence": {
          "count": 104829,
          "max": 1.0,
          "mean": 0.8696923660563156,
          "median": 0.9281936146023864,
          "min": 0.5000324260908344,
          "p10": 0.6325409943264095,
          "p90": 0.9956297363353311
        },
        "entropy": {
          "count": 104829,
          "max": 0.9999999969661526,
          "mean": 0.43992821889889094,
          "median": 0.37262885454338446,
          "min": -0.0,
          "p10": 0.04054556637667473,
          "p90": 0.9487010501015067
        },
        "occupancy": {
          "0": 0.6774652052390083,
          "1": 0.3225347947609917
        },
        "state_column": "ms_spread_state",
        "transition_count": 28908,
        "transition_rate": 0.2757660167130919,
        "valid_rows": 104829
      },
      "trend": {
        "confidence": {
          "count": 104831,
          "max": 1.0,
          "mean": 0.626305151213199,
          "median": 0.613058838646924,
          "min": 0.449817633863842,
          "p10": 0.4851469371362311,
          "p90": 0.8086942093656394
        },
        "entropy": {
          "count": 104831,
          "max": 0.8725743988752729,
          "mean": 0.7594067258500777,
          "median": 0.8188565088152344,
          "min": -0.0,
          "p10": 0.5270203010200601,
          "p90": 0.8704187371233438
        },
        "occupancy": {
          "0": 0.5739619005828429,
          "1": 0.20977573427707452,
          "2": 0.2162623651400826
        },
        "state_column": "ms_trend_state",
        "transition_count": 7846,
        "transition_rate": 0.07484498712200706,
        "valid_rows": 104831
      },
      "vol": {
        "confidence": {
          "count": 104815,
          "max": 0.9999991141838747,
          "mean": 0.876460863760167,
          "median": 0.9306554080254534,
          "min": 0.49865470062202255,
          "p10": 0.6342703163766197,
          "p90": 0.9999697800422143
        },
        "entropy": {
          "count": 104815,
          "max": 0.5124066438838772,
          "mean": 0.20617005139518316,
          "median": 0.20051146991512517,
          "min": 9.54430725157941e-06,
          "p10": 0.0002486620831029212,
          "p90": 0.47636309038962865
        },
        "occupancy": {
          "0": 0.34266087869102707,
          "1": 0.3042408052282593,
          "2": 0.2359872155702905,
          "3": 0.11711110051042313
        },
        "state_column": "ms_vol_state",
        "transition_count": 1790,
        "transition_rate": 0.01707787127673784,
        "valid_rows": 104815
      }
    }
  },
  "run_id": "codex_funding_persistence_oi_2025_shadow_01",
  "schema_version": "context_quality_report_v1",
  "symbol": "BTCUSDT",
  "timeframe": "5m"
}
